Grism calibration created 2023/03/01 using , DL Imaging
1048, 3048, 1648, 1708
2.7
1.745e-05, 0.242, 291.00
2.74985401e-22, -1.56311318e-18, 3.97527535e-15, -5.95548284e-12, 5.81960379e-09, -3.87543035e-06, 1.78094572e-03, -5.57651409e-01, 1.13858767e+02, -1.36881657e+04, 7.35806430e+05